Test solvent,mse,nlpd
"Ethylene Glycol [1,2-Ethanediol]",0.08152041297695342,1.870451567172671
