Test solvent,mse,nlpd
Methyl Propionate,0.014303048295907351,0.025611751001187538
