Test solvent,mse,nlpd
"2,2,2-Trifluoroethanol",0.03793495469516631,-1.5424329717501428
