Test solvent,mse,nlpd
Ethanol,0.04351022765593411,4.850811165920289
