Test solvent,mse,nlpd
2-Methyltetrahydrofuran [2-MeTHF],0.0252868791863734,0.7969034682348003
