Test solvent,mse,nlpd
Decanol,6.619714328283821,8.57132123710183
