Test solvent,mse,nlpd
Cyclohexane,36.53779667881594,13.26884720477625
