Test solvent,mse,nlpd
Acetonitrile,0.13624551615148464,6.102742329921598
