Test solvent,mse,nlpd
Diethyl Ether [Ether],0.05247772424483115,0.613200866981163
