Test solvent,mse,nlpd
Acetonitrile.Acetic Acid,0.09261181162194128,2.0238611412021394
