Test solvent,mse,nlpd
THF [Tetrahydrofuran],0.045315801800390805,2.1385233416490013
