Test solvent,mse,nlpd
Butanone [MEK],0.07664489939287171,7.270744772694029
