Test solvent,mse,nlpd
Dimethyl Carbonate,0.08207782628202485,1.76900098302521
