Test solvent,mse,nlpd
IPA [Propan-2-ol],0.010598342562625566,-0.7489522912786079
