Test solvent,mse,nlpd
"1,1,1,3,3,3-Hexafluoropropan-2-ol",0.02966017188060354,-0.0721962684042115
