Test solvent,mse,nlpd
"Water.2,2,2-Trifluoroethanol",0.05766255794313283,-0.008563873119373788
