Test solvent,mse,nlpd
Ethyl Lactate,0.013316135012660288,-0.5707575165417053
