Test solvent,mse,nlpd
Water.Acetonitrile,0.06549220515503558,-0.9046642026321263
