Test solvent,mse,nlpd
Ethyl Acetate,0.004844032941346469,-0.19504006256439888
