Iteration,Number of data points,Best value,Point chosen
1,6,1.6814912182638653,
2,6,1.6814912182638653,
3,6,1.6814912182638653,
4,6,1.6814912182638653,
5,6,2.01030554955583,
6,6,2.01030554955583,
7,6,2.01030554955583,
8,6,2.01030554955583,
9,6,2.01030554955583,
10,6,2.01030554955583,
11,6,2.01030554955583,
12,6,2.01030554955583,
13,6,2.01030554955583,
14,6,2.01030554955583,
15,6,2.01030554955583,
16,6,2.01030554955583,
17,6,2.01030554955583,
18,6,2.01030554955583,
19,6,2.01030554955583,
20,6,2.01030554955583,
21,6,2.01030554955583,
22,6,2.01030554955583,
23,6,2.01030554955583,
24,6,2.01030554955583,
25,6,2.1018384783919504,
26,6,2.1018384783919504,
27,6,2.1018384783919504,
28,6,2.1018384783919504,
29,6,2.1018384783919504,
30,6,2.6934324951826913,
31,6,2.7657053816357333,
32,6,2.7657053816357333,
33,6,2.7696302399289845,
34,6,2.7696302399289845,
35,6,2.7696302399289845,
36,6,2.7696302399289845,
37,6,2.7696302399289845,
38,6,2.7696302399289845,
39,6,2.9281786014162425,
40,6,2.990059594873224,
41,6,2.990059594873224,
42,6,2.990059594873224,
43,6,2.990059594873224,
44,6,2.990059594873224,
45,6,2.990059594873224,
46,6,2.990059594873224,
47,6,2.990059594873224,
48,6,2.990059594873224,
49,6,2.990059594873224,
50,6,2.990059594873224,
51,6,2.990059594873224,
52,6,2.990059594873224,
53,6,2.990059594873224,
54,6,2.990059594873224,
55,6,2.990059594873224,
56,6,2.990059594873224,
57,6,2.990059594873224,
58,6,2.990059594873224,
59,6,2.990059594873224,
60,6,2.990059594873224,
61,6,2.990059594873224,
62,6,2.990059594873224,
63,6,2.990059594873224,
64,6,2.990059594873224,
65,6,2.990059594873224,
66,6,2.990059594873224,
67,6,2.990059594873224,
68,6,2.990059594873224,
69,6,2.990059594873224,
70,6,2.990059594873224,
71,6,2.990059594873224,
72,6,2.990059594873224,
73,6,2.990059594873224,
74,6,2.990059594873224,
75,6,2.990059594873224,
76,6,2.990059594873224,
77,6,2.990059594873224,
78,6,2.990059594873224,
79,6,2.990059594873224,
80,6,2.990059594873224,
81,6,2.990059594873224,
82,6,2.990059594873224,
83,6,2.990059594873224,
84,6,2.990059594873224,
85,6,2.990059594873224,
86,6,2.990059594873224,
87,6,2.990059594873224,
88,6,2.990059594873224,
89,6,2.990059594873224,
90,6,2.990059594873224,
91,6,2.990059594873224,
92,6,2.990059594873224,
93,6,2.990059594873224,
94,6,2.990059594873224,
95,6,2.990059594873224,
96,6,2.990059594873224,
97,6,2.990059594873224,
98,6,2.990059594873224,
99,6,2.990059594873224,
