Test solvent,mse,nlpd
MTBE [tert-Butylmethylether],0.02274518783891349,1.8131240630032812
