Test solvent,mse,nlpd
Acetonitrile.Acetic Acid,0.0317130673520777,0.45515275173007347
