Test solvent,mse,nlpd
2-Methyltetrahydrofuran [2-MeTHF],0.036432403668044774,0.8154703750127833
