Test solvent,mse,nlpd
Cyclohexane,0.16285011672458607,1.588135751727367
