Test solvent,mse,nlpd
Dimethyl Carbonate,0.06818586124922135,2.993257610134035
