Test solvent,mse,nlpd
IPA [Propan-2-ol],0.003652263183237005,-5.170316310398757
