Test solvent,mse,nlpd
Diethyl Ether [Ether],0.052255888129444504,0.7980273640787616
