Test solvent,mse,nlpd
Methanol,0.09781306091658654,2.679819791145666
