Test solvent,mse,nlpd
Butanone [MEK],0.00452073603077045,2.614156760258214
