Test solvent,mse,nlpd
Ethyl Lactate,0.011563358896566215,1.048573527514787
