Test solvent,mse,nlpd
THF [Tetrahydrofuran],0.04661749732583748,1.765363577297306
