Test solvent,mse,nlpd
tert-Butanol [2-Methylpropan-2-ol],0.040227360620300814,3.000694687141555
