Test solvent,mse,nlpd
"2,2,2-Trifluoroethanol",0.03163879857984487,11.89794563766144
