Test solvent,mse,nlpd
Ethanol,0.034594464734892576,0.7317633514082043
