Test solvent,mse,nlpd
Acetonitrile,0.07282179023167103,1.3497414950921636
