Test solvent,mse,nlpd
Decanol,0.05284342297643028,2.431253386137873
