Test solvent,mse,nlpd
"DMA [N,N-Dimethylacetamide]",0.08662828657711454,1.8822536712350382
