Test solvent,mse,nlpd
Methyl Propionate,0.012074878463156266,1.320677188917361
