Test solvent,mse,nlpd
Ethyl Acetate,0.00802885965647292,1.1767938188815243
