Test solvent,mse,nlpd
Water.Acetonitrile,0.04222493207575005,-0.27429428196771705
