Test solvent,mse,nlpd
"1,1,1,3,3,3-Hexafluoropropan-2-ol",0.031002957871963645,2.32684920847828
