Test solvent,mse,nlpd
"Water.2,2,2-Trifluoroethanol",0.07399140205947094,18.430581587510698
