Test solvent,mse,nlpd
Dihydrolevoglucosenone (Cyrene),0.011109535298144799,0.8108234996359013
